name,miRBase_ID,organism,description,sequence
ebv-mir-BHRF1-1,MI0001064,Epstein Barrvirus,miR-BHRF1-1 stem-loop,UAUUAACCUGAUCAGCCCCGGAGUUGCCUGUUUCAUCACUAACCCCGGGCCUGAAGAGGUUGACAA
ebv-mir-BHRF1-2,MI0001065,Epstein Barrvirus,miR-BHRF1-2 stem-loop,CUUUUAAAUUCUGUUGCAGCAGAUAGCUGAUACCCAAUGUUAUCUUUUGCGGCAGAAAUUGAAAG
ebv-mir-BHRF1-3,MI0001066,Epstein Barrvirus,miR-BHRF1-3 stem-loop,UCUAACGGGAAGUGUGUAAGCACACACGUAAUUUGCAAGCGGUGCUUCACGCUCUUCGUUAAAAU
ebv-mir-BART1,MI0001067,Epstein Barrvirus,miR-BART1 stem-loop,GGGGGUCUUAGUGGAAGUGACGUGCUGUGAAUACAGGUCCAUAGCACCGCUAUCCACUAUGUCUCGCCCG
ebv-mir-BART2,MI0001068,Epstein Barrvirus,miR-BART2 stem-loop,ACUAUUUUCUGCAUUCGCCCUUGCGUGUCCAUUGUUGCAAGGAGCGAUUUGGAGAAAAUAAA
mghv-mir-M1-1,MI0001669,Mouse gammaherpesvirus,68 miR-M1-1 stem-loop,UGGUCGAGGAAGUGGGUCCAACUUUAUCCCUAUAGUGUGAUAGAAAUGGCCGUACUUCCUUUAUA
mghv-mir-M1-2,MI0001670,Mouse gammaherpesvirus,68 miR-M1-2 stem-loop,GAGAGGGGGAGUGUGUGGUCUGUAGAGAGACAUGAGUUGAUCGGCAGACCCCCUCUCCCCCUCUUU
mghv-mir-M1-3,MI0001671,Mouse gammaherpesvirus,68 miR-M1-3 stem-loop,GAAGUAGCGAACCUCUGCUCACUGCCCGGGCCCUCCGGGAGGUGAGCAGGAGUUGCGCUUU
mghv-mir-M1-4,MI0001672,Mouse gammaherpesvirus,68 miR-M1-4 stem-loop,CGAGCCCUGACCAUCGAGGAGCACGUGUUAUUCUAGACCUCUCUUCCAGCUAAGAUAGCAUGUGCCGUCCUCUUUGUUUCCCAAGUCAGUAUUC
mghv-mir-M1-5,MI0001673,Mouse gammaherpesvirus,68 miR-M1-5 stem-loop,CAGAGUUGAGAUCGGGUCGUCUCCCCCUGGCGGAAGGAGGCAAACCCGAGCUCCUCCUUC
mghv-mir-M1-6,MI0001674,Mouse gammaherpesvirus,68 miR-M1-6 stem-loop,CAACCACCUCCCACAAUUUCAGAGUCUUAGCCAGAUUAUCUGAAACUGUGUGAGGUGGUUUUU
mghv-mir-M1-7,MI0001675,Mouse gammaherpesvirus,68 miR-M1-7 stem-loop,AAAGGUGGAGGUGCGGUAACCUCCUAAGAUUACUGUUGGGAUAUCGCGCCCACCUUUAUU
mghv-mir-M1-8,MI0001676,Mouse gammaherpesvirus,68 miR-M1-8 stem-loop,UUUACCAGCACUCACUGGGGGUUUGGUCAGGAGAUCAAGUAGAUCUGACCAACCCUAAGUGAGUUUUUCUU
mghv-mir-M1-9,MI0001677,Mouse gammaherpesvirus,68 miR-M1-9 stem-loop,UGAGGUUCCCGGCAAAUGUUGGAUAGAUAGGUAACUUCUCACAUUUGCCUGGACCUUUUU
hcmv-mir-UL22A,MI0001678,Human cytomegalovirus,miR-UL22A stem-loop,CCUGUCUAACUAGCCUUCCCGUGAGAGUUUAUGAACAUGUAUCUCACCAGAAUGCUAGUUUGUAGAGG
hcmv-mir-UL36,MI0001679,Human cytomegalovirus,miR-UL36 stem-loop,CCACGUCGUUGAAGACACCUGGAAAGAGGACGUUCGCUCGGGCACGUUCUUUCCAGGUGUUUUCAACGUGCGUGG
hcmv-mir-UL112,MI0001680,Human cytomegalovirus,miR-UL112 stem-loop,GACAGCCUCCGGAUCACAUGGUUACUCAGCGUCUGCCAGCCUAAGUGACGGUGAGAUCCAGGCUGUC
hcmv-mir-UL148D,MI0001681,Human cytomegalovirus,miR-UL148D stem-loop,AGCAGGUGAGGUUGGGGCGGACAACGUGUUGCGGAUUGUGGCGAGAACGUCGUCCUCCCCUUCUUCACCGCC
hcmv-mir-US5-1,MI0001682,Human cytomegalovirus,miR-US5-1 stem-loop,UGAACGCUUUCGUCGUGUUUUUCAUGCAGCUUUUACAGACCAUGACAAGCCUGACGAGAGCGUUCA
hcmv-mir-US5-2,MI0001683,Human cytomegalovirus,miR-US5-2 stem-loop,GGAGGCUUUCGCCACACCUAUCCUGAAAGCGUUGCAUUCUUUAUGAUAGGUGUGACGAUGUCUUU
hcmv-mir-US25-1,MI0001684,Human cytomegalovirus,miR-US25-1 stem-loop,UGUGAACCGCUCAGUGGCUCGGACCGCCGGCUGUUUCUGCGCACCGGUCCGAACGCUAGGUCGGUUCUCA
hcmv-mir-US25-2,MI0001685,Human cytomegalovirus,miR-US25-2 stem-loop,CGGUUAGCGGUCUGUUCAGGUGGAUGAGGGCUCUUCACGGUCGGGCACUCGGCUGUGCCUGUCAUCCACUUGGAGAGCUCCCGCGGUCCG
hcmv-mir-US33,MI0001686,Human cytomegalovirus,miR-US33 stem-loop,CACGGUUGAUUGUGCCCGGACCGUGGGCGCGACGAAACCCACCGUCACGGUCCGAGCACAUCCAAACGUG
kshv-mir-K12-10a,MI0002472,Kaposi sarcoma-associated herpesvirus,miR-K12-10a stem-loop,CUGGAGGCUUGGGGCGAUACCACCACUCGUUUGUCUGUUGGCGAUUAGUGUUGUCCCCCCGAGUGGCCAG
kshv-mir-K12-10b,MI0002473,Kaposi sarcoma-associated herpesvirus,miR-K12-10b stem-loop,CUGGAGGCUUGGGGCGAUACCACCACUCGUUUGUCUGUUGGCGAUUGGUGUUGUCCCCCCGAGUGGCCAG
kshv-mir-K12-11,MI0002474,Kaposi sarcoma-associated herpesvirus,miR-K12-11 stem-loop,CGCUUUGGUCACAGCUUAAACAUUUCUAGGGCGGUGUUAUGAUCCUUAAUGCUUAGCCUGUGUCCGAUGCG
kshv-mir-K12-1,MI0002475,Kaposi sarcoma-associated herpesvirus,miR-K12-1 stem-loop,CGAUUACAGGAAACUGGGUGUAAGCUGUACAUAAUCCCCGGCAGCACCUGUUUCCUGCAACCCUCGU
kshv-miR-K12-2,MI0002476,Kaposi sarcoma-associated herpesvirus,miR-K12-2 stem-loop,GGGUCUACUUCGCUAACUGUAGUCCGGGUCGAUCUGAGCCAUUGAAGCAAGCUUCCAGAUCUUCCAGGGCUAGAGCUGCCGCGGUGACACC
kshv-mir-K12-9,MI0002477,Kaposi sarcoma-associated herpesvirus,miR-K12-9 stem-loop,GGGUCUACCCAGCUGCGUAAACCCCGCUGCGUAAACACAGCUGGGUAUACGCAGCUGCGUAAACCC
kshv-mir-K12-8,MI0002478,Kaposi sarcoma-associated herpesvirus,miR-K12-8 stem-loop,CGCGCACUCCCUCACUAACGCCCCGCUUUUGUCUGUUGGAAGCAGCUAGGCGCGACUGAGAGAGCACGCG
kshv-mir-K12-7,MI0002479,Kaposi sarcoma-associated herpesvirus,miR-K12-7 stem-loop,GCGUUGAGCGCCACCGGACGGGGAUUUAUGCUGUAUCUUACUACCAUGAUCCCAUGUUGCUGGCGCUCACGG
kshv-mir-K12-6,MI0002480,Kaposi sarcoma-associated herpesvirus,miR-K12-6 stem-loop,CUUGUCCAGCAGCACCUAAUCCAUCGGCGGUCGGGCUGAUGGUUUUCGGGCUGUUGAGCGAG
kshv-mir-K12-5,MI0002481,Kaposi sarcoma-associated herpesvirus,miR-K12-5 stem-loop,UGACCUAGGUAGUCCCUGGUGCCCUAAGGGUCUACAUCAAGCACUUAGGAUGCCUGGAACUUGCCGGUCA
kshv-mir-K12-4,MI0002482,Kaposi sarcoma-associated herpesvirus,miR-K12-4 stem-loop,AUAACUAGCUAAACCGCAGUACUCUAGGGCAUUCAUUUGUUACAUAGAAUACUGAGGCCUAGCUGAUUAU
kshv-mir-K12-3,MI0002483,Kaposi sarcoma-associated herpesvirus,miR-K12-3 stem-loop,GGCUAUCACAUUCUGAGGACGGCAGCGACGUGUGUCUAACGUCAACGUCGCGGUCACAGAAUGUGACACC
hcmv-mir-US4,MI0003687,Human cytomegalovirus,miR-US4 stem-loop,CGUGUCGCGACAUGGACGUGCAGGGGGAUGUCUGUCGCGAUAGAGUUGAUGUGACAGCCCGCUACACCUCUCUGUCGCGACAUG
hcmv-mir-UL70,MI0003688,Human cytomegalovirus,miR-UL70 stem-loop,GGUUGCGUCUCGGCCUCGUCCAGACUGGCGAUGAGCGCCGAGAGGGGGAUGGGCUGGCGCGCGGCC
sv40-mir-S1,MI0003689,Simianvirus,40 miR-S1 stem-loop,UGAACAGACUGUGAGGGCUGAGGGGCCUGAAAUGAGCCUUGAGACUGUGAAUCAAUGCCUGUUUCAUGCCCUGAGUCUUCCAUGUUCU
ebv-mir-BART3,MI0003725,Epstein Barrvirus,miR-BART3 stem-loop,CCUUUGGUGGAACCUAGUGUUAGUGUUGUGCUGUAAAUAAGUGUCCAGCGCACCACUAGUCACCAGGUGUCACCGGAGG
ebv-mir-BART4,MI0003726,Epstein Barrvirus,miR-BART4 stem-loop,UUUGGUGGGACCUGAUGCUGCUGGUGUGCUGUAAAUAAGUGCCUAGCACAUCACGUAGGCACCAGGUGUCACCAGG
ebv-mir-BART5,MI0003727,Epstein Barrvirus,miR-BART5 stem-loop,GCUCUGUGGCACCUCAAGGUGAAUAUAGCUGCCCAUCGACGUAUCGCUGGAAACCGGUGGGCCGCUGUUCACCUAAAGUGACGCAAGGU
ebv-mir-BART6,MI0003728,Epstein Barrvirus,miR-BART6 stem-loop,UGACCUUGUUGGUACUUUAAGGUUGGUCCAAUCCAUAGGCUUUUUUUGUGAAAACCCGGGGAUCGGACUAGCCUUAGAGUAACUCAAGGCCA
ebv-mir-BART7,MI0003729,Epstein Barrvirus,miR-BART7 stem-loop,UCCAGUGUCCUGAUCCUGGACCUUGACUAUGAAACAAUUCUAAAAAAAUGCAUCAUAGUCCAGUGUCCAGGGACAGUGCACUCGGA
ebv-mir-BART8,MI0003730,Epstein Barrvirus,miR-BART8 stem-loop,UGGGUUCACUGAUUACGGUUUCCUAGAUUGUACAGAUGAACUAGAACUGUCACAAUCUAUGGGGUCGUAGACAGUGUGCUUA
ebv-mir-BART9,MI0003731,Epstein Barrvirus,miR-BART9 stem-loop,CAGCUGUUGUUUGUACUGGACCCUGAAUUGGAAACAGUAACUUGGAUUCUGUAACACUUCAUGGGUCCCGUAGUGACAACUAUGCUG
ebv-mir-BART10,MI0003732,Epstein Barrvirus,miR-BART10 stem-loop,CAGAGGAGUGUCCCGGGGCCACCUCUUUGGUUCUGUACAUAUUUUGUUAUUGUACAUAACCAUGGAGUUGGCUGUGGUGCACUCCAUCUG
ebv-mir-BART11,MI0003733,Epstein Barrvirus,miR-BART11 stem-loop,GGCUUCUGUUGGGUCAGACAGUUUGGUGCGCUAGUUGUGUGCUUAGCAGCAACGCACACCAGGCUGACUGCCUUAGCAGUGUGGCC
ebv-mir-BART12,MI0003734,Epstein Barrvirus,miR-BART12 stem-loop,CUGGUGACCUAACACCCGCCCAUCACCACCGGACAGAUUCUGAACUUGUCCUGUGGUGUUUGGUGUGGUUUUGGGGUACGCAG
ebv-mir-BART13,MI0003735,Epstein Barrvirus,miR-BART13 stem-loop,UUGGGCACCUCGAUAACCGGCUCGUGGCUCGUACAGACGAUUGUUUGGCUCUGUAACUUGCCAGGGACGGCUGACGAUGUGUUUAG
ebv-mir-BART14,MI0003736,Epstein Barrvirus,miR-BART14 stem-loop,CAGGGGUGGCCGGUACCCUACGCUGCCGAUUUACAUAAUAUAAAUUGUAAAUGCUGCAGUAGUAGGGAUCUGGACGCGCGACCUG
rlcv-mir-rL1-1,MI0003737,Rhesus lymphocryptovirus,miR-rL1-1 stem-loop,GGCCGGCUCCUUAUUAACCUGAUCAGCCCCGGGGUUGCCUGUCUUAGCACUAACUCCGGGCCUGAAGAGGUUGACAAGAAGGGUC
rlcv-mir-rL1-2,MI0003738,Rhesus lymphocryptovirus,miR-rL1-2 stem-loop,GCCCCCACUUUUAAAUUCUGCCACAGAAGAUAGCUGAUACUCGAUGUUAUCUUUUGCGGGGGAAUUUCCAAGUGUUGGC
rlcv-mir-rL1-3,MI0003739,Rhesus lymphocryptovirus,miR-rL1-3 stem-loop,CUGGGUCCUCGGGGGGCGGUGGAGACCGCGGGUGCGGUGAUUGCUUGACCCUCGCACCUCGCCGUCUCUACUGCUCGCCGGGUACGUCUGG
rlcv-mir-rL1-4,MI0003740,Rhesus lymphocryptovirus,miR-rL1-4 stem-loop,GAGAUGCUUUAACCUUGGGGGGACCUAGUAAUUGUGCGGUGUUGUGAGUGUUAGAAACACCACACGAUCCACUAGGUCUCACCUGGGCUCCUUGCCUC
rlcv-mir-rL1-5,MI0003741,Rhesus lymphocryptovirus,miR-rL1-5 stem-loop,CUUCGGUGGAACCUAGUGCCGGUGAUGUGCUGUGGAUAGGCAGCUAGCGCACCACUUUUCACUAGGUGUCACCGGGG
rlcv-mir-rL1-6,MI0003742,Rhesus lymphocryptovirus,miR-rL1-6 stem-loop,CCCUUGGUGGGUUUUAGUGGAAGUGACGUGCUGUGAUUAGGUACCCAUAGCACCGCUAUCCACUAUGUCUCACCAGGG
rlcv-mir-rL1-7,MI0003743,Rhesus lymphocryptovirus,miR-rL1-7 stem-loop,CCGUGUGCCGCUUCGAGGUAAACAUCGGCUUACUGAAGUCUCUUAGUAAGGUCAGUGGGCCUGUUUCCCUCACAGAGACACAUGG
rlcv-mir-rL1-8,MI0003744,Rhesus lymphocryptovirus,miR-rL1-8 stem-loop,UUGCUGCGGCACCGUAAGGUGAAUAUAGCUGCCCAUUGAUGUCUGUUUAGAACCCGGUGGGCCGCAGUUCACCUACAGUGACGCAGUGA
rlcv-mir-rL1-9,MI0003745,Rhesus lymphocryptovirus,miR-rL1-9 stem-loop,GCCUGCGGAACCCUAAGAGGGGGGCCUGCACGCCGAGGUUAUUUCCCAGCCCUUCGAUGCAUGGUCCCCCCUUAGUGGACUGCAGGC
rlcv-mir-rL1-10,MI0003746,Rhesus lymphocryptovirus,miR-rL1-10 stem-loop,GUGGUCCUCUGACAUCGGGUUUCCGCUGUACUUGCAUAAUGAGAACUUUGUAGUGCGCCGGUGACCUGAUAGCAGCGGUCUCAC
rlcv-mir-rL1-11,MI0003747,Rhesus lymphocryptovirus,miR-rL1-11 stem-loop,GGGGCCUUGCCUCCGUAUCCUAUCAAGUGUGACGUGGCUUUGUUCGUGACACUCGAUAGGAUACGGGGGUAAAGGCGCCU
rlcv-mir-rL1-12,MI0003748,Rhesus lymphocryptovirus,miR-rL1-12 stem-loop,UCAGGGUACGCUCAGACCAGACCAUGCACAGUGGGCGAUUAAGACAUUGCUCUAACGGUGCAUGGACUGGCUAGAGUGUUCCUGG
rlcv-mir-rL1-13,MI0003749,Rhesus lymphocryptovirus,miR-rL1-13 stem-loop,CCCGUGUCUUGAUCCUGGGCAUGGGCUAUGAAACAGUUCUAACAAUUGGAUCAUAGCCAGUGUCCAGGGACGGUGCACCGGG
rlcv-mir-rL1-14-1,MI0003750,Rhesus lymphocryptovirus,miR-rL1-14-1 stem-loop,GCCCUCCGGCUGGGUCGGACGGUCUGGUGCGCUUGAUGUGUUUUCGGUACCAUCGCACAUCAGGCUGAACGACUCAGAGGAGUGGC
rlcv-mir-rL1-15,MI0003751,Rhesus lymphocryptovirus,miR-rL1-15 stem-loop,UUCCUGGAGCCGGUGACCUGAGACCCACCCUUCUCGACGGGGCAGGUGUUAUAAGUGUCCUGUAGAGUAUGGGUGUGGUUUUAGUGCACGCGGGAG
rlcv-mir-rL1-16,MI0003752,Rhesus lymphocryptovirus,miR-rL1-16 stem-loop,GAGGGCCAGUUGAAGCAGGCAUGUCUUCAUUCCUGAUUUCCUGAUGGCAUGAAACACAUGGCCUGUUCCUAUUGGCACCUU
hsv1-mir-H1,MI0004730,Herpes Simplexvirus,1 miR-H1 stem-loop,CGAGGGGAACGGGGGAUGGAAGGACGGGAAGUGGAAGUCCUGAUACCCAUCCUACACCCCCCUGCCUUCCACCCUCCGGCCCCCCG
kshv-mir-K12-12,MI0004987,Kaposi sarcoma-associated herpesvirus,miR-K12-12 stem-loop,GAUGGCCGGCACGCGGUGUCAACCAGGCCACCAUUCCUCUCCGCAUUAAAGCACUCGGUGGGGGAGGGUGCCCUGGUUGACACAAUGUGCCGCGCAUC
ebv-mir-BART15,MI0004988,Epstein Barrvirus,miR-BART15 stem-loop,UGUGCCGCUUGGAGGGAAACAUGACCACCUGAAGUCUGUUAACCAGGUCAGUGGUUUUGUUUCCUUGAUAGAGACACA
ebv-mir-BART16,MI0004989,Epstein Barrvirus,miR-BART16 stem-loop,AGGCUUUCAGGUGUGGAAUUUAGAUAGAGUGGGUGUGUGCUCUUGUUUAAUUACACCAAGAUCACCACCCUCUAUCCAUAUCCCACAAUUGAUAAACCU
ebv-mir-BART17,MI0004990,Epstein Barrvirus,miR-BART17 stem-loop,GUUGAACAGGAUGUGGCACCCUAAGAGGACGCAGGCAUACAAGGUUAUUACCCAGUCCUUGUAUGCCUGGUGUCCCCUUAGUGGGACGCAGGCCUAGGUAGC
ebv-mir-BART18,MI0004991,Epstein Barrvirus,miR-BART18 stem-loop,UUGUUGCCGUUGAAAGACGGGUGUCCUGGCUCAAGUUCGCACUUCCUAUACAGUGUUAAAGCCUUGUAUCGGAAGUUUGGGCUUCGUCCCAGUGUACUCGAUAAUGUCGACUGCUGCGA
ebv-mir-BART19,MI0004992,Epstein Barrvirus,miR-BART19 stem-loop,GUAUCCGUGUCCUGACAACAUUCCCCGCAAACAUGACAUGGGUUAAUUUAAACAUGUUUUGUUUGCUUGGGAAUGCUCUUAGGGCCUGGAAGC
ebv-mir-BART20,MI0004993,Epstein Barrvirus,miR-BART20 stem-loop,UACAGGCGUAGGGCCUAUUGUAGCAGGCAUGUCUUCAUUCCUGCGUACCGAAUGGCAUGAAGGCACAGCCUGUUACCAUUGGCACCUUUUUUCCAUGUA
mdv1-mir-M1,MI0005093,Mareks diseasevirus,type 1 miR-M1 stem-loop,UUCCCCUUUUGCUUGUUCACUGUGCGGCAUUAUUACAUUUACACCGGUAAUGCUGCGCAUGAAAGAGCGAACGGAA
mdv1-mir-M2,MI0005094,Mareks diseasevirus,type 1 miR-M2 stem-loop,AAAAGAAAGUUGUAUUCUGCCCGGUAGUCCGUUUGUAAGGUCUUGGAACGGACUGCCGCAGAAUAGCUUUCUUG
mdv1-mir-M3,MI0005095,Mareks diseasevirus,type 1 miR-M3 stem-loop,GCGGCAUGAAAAUGUGAAACCUCUCCCGCUAGAAAUAGAAUCUGCUGGGGGGUUCACAUUUUUAAGUUGU
mdv1-mir-M4,MI0005096,Mareks diseasevirus,type 1 miR-M4 stem-loop,GAAGUUUAAUGCUGUAUCGGAACCCUUCGUUCGGUGACCACGAAUGGUUCUGACAGCAUGACCUUU
mdv1-mir-M5,MI0005097,Mareks diseasevirus,type 1 miR-M5 stem-loop,UCAUGAACCGUAUGCGAUCACAUUGACACGGUUUAAAAUACAUACGUGUGUAUCGUGGUCGUCUACUGUUUGUGG
mdv1-mir-M6,MI0005098,Mareks diseasevirus,type 1 miR-M6 stem-loop,ACGUCCUGGGAAAAUCUGUUGUUCCGUAGUGUUCUCGUGACACUAACUCGAGAUCCCUGCGAAAUGACAGUUUUCUCUGGGAAUUACAUCGUCCUGAUUGUCGCGACAUGGAAUGGAAGC
mdv1-mir-M7,MI0005099,Mareks diseasevirus,type 1 miR-M7 stem-loop,GGAGAACUGUUAUCUCGGGGAGAUCCCGAUCUCUCCUACCAGCAACUCGAGAUCUCUACGAGAUUACAGUUUUUGGGGGAAAUGUGUCCUCAGAACUGCUUAAUCGUAGAAGCUUCCUAG
mdv1-mir-M8,MI0005100,Mareks diseasevirus,type 1 miR-M8 stem-loop,AUUCCUACGGAAACCUAUUGUUCUGUGGUUGGUUUCGAUCUAUCGUUCUCGUACUGCGUGACCUCUACGGAACAAUAGUUUUCCAGGAGAUUUCCCGGUUUCGACUGCCGAAGCAUGGAA
rrv-miR-rR1-1,MI0005718,Rhesus monkey rhadinovirus,miR-rR1-1 stem-loop,GGGUCAGACCCCGCGAUCGCACCUUUGGCCGGCCGGCCUCUGCCCGGCCACCGAGGAUGCGGUCAAUGGGUCGAACCC
rrv-miR-rR1-2,MI0005719,Rhesus monkey rhadinovirus,miR-rR1-2 stem-loop,CAGCCUCCCGCGACCAUGCUGCGCCCCGUAUUCGUGCGGAAGGCAAUUCGAAUAUACGGCGCUGCACGGUUGGAGGGCGGUUG
rrv-miR-rR1-3,MI0005720,Rhesus monkey rhadinovirus,miR-rR1-3 stem-loop,CAGGGCCCGAUGAGCAGUUAGUCCGUGUUUAGUCGCGCUCCCUGUUGUGUUUAAAUUUAACAGGGUUUGCGACAGACACUGAUUCGCUGCCCAAAGUCGCCGUU
rrv-miR-rR1-4,MI0005721,Rhesus monkey rhadinovirus,miR-rR1-4 stem-loop,CCGUGUUGUGAUUUGGGGAGGGCGGUCAGCGCGCGUUCCCGUGUUUAGGGAAUAUGUAUAUCGCUCGUUAACCGCCCUCCCGAGAUUACUGCUCGG
rrv-miR-rR1-5,MI0005722,Rhesus monkey rhadinovirus,miR-rR1-5 stem-loop,CAUCGUAACGCCCCCGGAACCCAAAGACACGUGCCCGUGGUCUUAAGAUCGGGCGUGUUCUUUGGAUUCCGUCUCGUUACGAUG
rrv-miR-rR1-6,MI0005723,Rhesus monkey rhadinovirus,miR-rR1-6 stem-loop,GCGGUGAACCGCGGAAAGGUGUGCACAUCGUAAAAUCACUACUGCGAUGUACGCCCUUUCGCAGUUUACUGC
rrv-miR-rR1-7,MI0005724,Rhesus monkey rhadinovirus,miR-rR1-7 stem-loop,UGCGAUUCGUGGAGAGCAGUUAACGUGCGUUCCCGUCAAUUAAUACCGGCGCACGUCGAUUGCUCUCUAGGGAUCCCA
mdv2-mir-M14,MI0005882,Mareks diseasevirus,type 2 miR-M14 stem-loop,CGUUGUGUGGUACGGUGCACCCUGAGAGAUGAUCUAUAUUCUCAGGAAGUUCCGUGCCCGAAACG
mdv2-mir-M15,MI0005883,Mareks diseasevirus,type 2 miR-M15 stem-loop,UUGCGAUGGAAGGGAAAGGCAAACCGGAAAACUUAAGGCCGUUUGGUGUGUUUUUCCCUUCCAUCGCAG
mdv2-mir-M16,MI0005884,Mareks diseasevirus,type 2 miR-M16 stem-loop,GAAACGCAUCCAGUCUGUUUUGGCAUCUGAGUGGCGCGUAGCCGUUGUCAGAUGCCAGAGAGACUGAAAUGUUUC
mdv2-mir-M17,MI0005885,Mareks diseasevirus,type 2 miR-M17 stem-loop,UCGUCCAGUCCUUCCCGGGUCCCCUAGAGGUGUCACGUUCUAGGACAACCGGGACGGACAGGGCGACGCGCGCGA
mdv2-mir-M18,MI0005886,Mareks diseasevirus,type 2 miR-M18 stem-loop,GUAUGUUUUCUCUCAGGCUGGCAUUGCACGUGUCAUUGCCGUUGUGCAAUGCCUGCGGAGAGAAAGACGAAU
mdv2-mir-M19,MI0005887,Mareks diseasevirus,type 2 miR-M19 stem-loop,CGUGUCCCCCCUCGGCGGUGUGCACGGGAGUAUCGGGCGCCGUCCUCAUGCCCCCCUCCGAGGGUAGCACG
mdv2-mir-M20,MI0005888,Mareks diseasevirus,type 2 miR-M20 stem-loop,UCCGUCCUUAGCGUGGUGCCUGAGAUUUUAACACGUAUCGUCUCAAGUACUGCGCGCAAGGACCGA
mdv2-mir-M21,MI0005889,Mareks diseasevirus,type 2 miR-M21 stem-loop,CGCUUCCUCCUUCGCGGGGUGCUUGAGAUCACCGAAUGACGGGAUCGAGCACCACGCCGAUGGACGGAGAUGGCG
mdv2-mir-M22,MI0005890,Mareks diseasevirus,type 2 miR-M22 stem-loop,CUGGGCCGUCUUACACGCACGUCACUCUGGUCGUAUCGGUAGUCCUAGUGGCUUGCUUGUAGGCUGUCC
mdv2-mir-M23,MI0005891,Mareks diseasevirus,type 2 miR-M23 stem-loop,UUCGGAUGGUCCGUGGUACGGUGUCCUGUGUUGUGUGAGAGGUCUCCGUACACCGGACCAUCGAA
mdv2-mir-M24,MI0005892,Mareks diseasevirus,type 2 miR-M24 stem-loop,CCAUUUUUUCCCUUACGGUGCCUGACGUCGUAUUUUAACGGUUAGAUGCCGUCAGGGAAAGAUGG
mdv2-mir-M25,MI0005893,Mareks diseasevirus,type 2 miR-M25 stem-loop,CGUGUCCUCCUUCGGACGAGUGCUUGCCGGGGAGUAACCGUCAUGCACUACUCCGGGGGUAGGACGCG
mdv2-mir-M26,MI0005894,Mareks diseasevirus,type 2 miR-M26 stem-loop,CCGUCCUUUGUGCUGUGUGUGAGAGGUCGUCAUCCCUUCUCGGGCACCGCACCGAAGGAUGG
mdv2-mir-M27,MI0005895,Mareks diseasevirus,type 2 miR-M27 stem-loop,UCCCUCCUUCGUCCGGUGUUCGAGGCGUGAGACUUUUGUAUUGCCGCGUCGAGCACCGUGCUGGAGGAAGGA
mdv2-mir-M28,MI0005896,Mareks diseasevirus,type 2 miR-M28 stem-loop,UCGCGAUUUUCUCGACGCCUACCCUCGGCGUUGUUCGUCGGCCGAGGGUAGGCGCAGAGGAAAUCGCGG
mdv2-mir-M29,MI0005897,Mareks diseasevirus,type 2 miR-M29 stem-loop,UCUUCUUCACGUACCUCUCUAUGGCUGCAUCUUUAUGGCCAUAGUGAGGUACGUGUAGGUA
mdv2-mir-M30,MI0005898,Mareks diseasevirus,type 2 miR-M30 stem-loop,CACAACACUCCCUCGGACGCAGCAGUGUCUGGGCUUCUGCUGACGUGCGAGGGAGUGCUCGCCACGCGAG
hiv1-mir-N367,MI0006104,Human immunodeficiencyvirus,1 miR-N367 stem-loop,UUGGCAGAAUUACACACCAGGGCCAGGGAUCAGAUAUCCACUGACCUUUGGAUGGUGCUUCAAGCUAGUA
hiv1-mir-H1,MI0006106,Human immunodeficiencyvirus,1 miR-H1 stem-loop,UCCAGGGAGGCGUGCCUGGGCGGGACUGGGGAGUGGCGCCCUCAGAUCCUGCAUAUAAGCAGCGCUUUUUUCGGUGCGUUA
mcmv-mir-m01-1,MI0006246,Mouse cytomegalovirus,miR-m01-1 stem-loop,CAAGAGGAGAAUAACGUCGAACGGUGAUUAAUCAUAGUUCUGUCAGACUUUAUUCUCUUCUCU
mcmv-mir-m01-2,MI0006247,Mouse cytomegalovirus,miR-m01-2 stem-loop,GGAUGAAGAGAAUCGGGUUGGAACGGUGUUUCUUAAGUACGAGCUACCGUUCGACACGGUUUCCUUCGACU
mcmv-mir-m01-3,MI0006248,Mouse cytomegalovirus,miR-m01-3 stem-loop,AGCGGUGAAGCGACUGUUGCCUCGAAACAUACGGCGGCGCUCGAGGAACGCUCGCUUCACGGCUC
mcmv-mir-m01-4,MI0006249,Mouse cytomegalovirus,miR-m01-4 stem-loop,GAUUCCUAUGCUAACACGUGCGCGUGACACUACAUGUCUCUCGCGCCGCGUGGUAGCAUUAGAACC
mcmv-mir-m21-1,MI0006250,Mouse cytomegalovirus,miR-m21-1 stem-loop,CCCCCGCUUGACCGAGGCCCCCAUCGUGCACACGCAGUAAACUACCACCGAUAGGGGACACGUUCAAGCCGGGG
mcmv-mir-m22-1,MI0006251,Mouse cytomegalovirus,miR-m22-1 stem-loop,CUGGCCUCGGGCCGACGCAGGAGCCCGUUCACAAUACACACGGUUCCCCGUCCGUACCGAGGCCAGAC
mcmv-mir-M23-1,MI0006252,Mouse cytomegalovirus,miR-M23-1 stem-loop,CUGGCCUCGGUACGGACGGGGAACCGUGUGUAUUGUGAACGGGCUCCUGCGUCGGCCCGAGGCCAG
mcmv-mir-M23-2,MI0006253,Mouse cytomegalovirus,miR-M23-2 stem-loop,CCCCGGCUUGAACGUGUCCCCUAUCGGUGGUAGUUUACUGCGUGUGCACGAUGGGGGCCUCGGUCAAGCGGGG
mcmv-mir-M44-1,MI0006254,Mouse cytomegalovirus,miR-M44-1 stem-loop,ACGACCGCGAGCUCCGGAGAAGGAAACUGUCGCUCCGAUCGUAUCUUUUUCCAGAGCCGCGGUCGU
mcmv-mir-M55-1,MI0006255,Mouse cytomegalovirus,miR-M55-1 stem-loop,CCUGGUGAUCGGCGUGCUAGCCGUCGUGUAUCUCAUCUUCACGAGGCAGCGGUCGGCCGCCGCGAGG
mcmv-mir-m59-1,MI0006256,Mouse cytomegalovirus,miR-m59-1 stem-loop,CUGUCGGCCGAGGCACUGCUCCUUUUGAGCGGUAGUGCAAAAUUUAGCAGUGCCUCGACCGUCAG
mcmv-mir-m59-2,MI0006257,Mouse cytomegalovirus,miR-m59-2 stem-loop,UCCCGAAGAGCCCUCACAGAGCCUAAGUGUCCAUCGGACUUAGCCGCUGUCGGCCUCGGAAA
mcmv-mir-M87-1,MI0006258,Mouse cytomegalovirus,miR-M87-1 stem-loop,CCGAGGCAGCCGUCGGCAGCGGCAGCGGCAGCGUUGAGGGCGCCGUCGCCGGCGGCACCUCUGG
mcmv-mir-m88-1,MI0006259,Mouse cytomegalovirus,miR-m88-1 stem-loop,AUGACCGACCCCCUGACAUCGGCGGCGCGAGAUUUUUAUGCCGCAGAAGUCGAUGUCGGGGUCUCGGUCGU
mcmv-mir-M95-1,MI0006260,Mouse cytomegalovirus,miR-M95-1 stem-loop,ACGGUCGUGGGCUUGUGUCGCUUGUUUGCAAUUUCAUCAUAGCGACGUCGGACCGCGACGGCGA
mcmv-mir-m107-1,MI0006261,Mouse cytomegalovirus,miR-m107-1 stem-loop,CGACCGGUCACUCGUCUCGAGUCACCGUCCGUAGCGACUCGGUGCUCGCGUCGAGUGACCGCUCG
mcmv-mir-m108-1,MI0006262,Mouse cytomegalovirus,miR-m108-1 stem-loop,CGUUCACGAGCAACCGCCCGAAAUGUGGGUCUUCCGCCUCGUUACGCACGUGUAAGUAUACGGCGUACGGAGCUCCGUUCGUUUCUGACGGUGGCUCGUGUCGAG
mcmv-mir-m108-2,MI0006263,Mouse cytomegalovirus,miR-m108-2 stem-loop,GAUCACUCGUCGCGAGCGGUCACUCGACGCGAGCACCGAGUCGCUACGGACGGUGACUCGAGACGAGUGACCGGUCGACGAGCGUC
mdv1-mir-M9,MI0006987,Mareks diseasevirus,type 1 miR-M9 stem-loop,GCGGUUUUUCUCCUUCCCCCCGGAGUUCACUGUAUCGUACGUUGUAAACUCCGAGGGCAGGAAAAAGUGC
mdv1-mir-M10,MI0006988,Mareks diseasevirus,type 1 miR-M10 stem-loop,UGGCGUUGUCUCGUAGAGGUCCAGAUCUCUCCUGUUGGCAACUCGAAAUCUCUACGAGAUAACAGUUUG
mdv1-mir-M11,MI0006989,Mareks diseasevirus,type 1 miR-M11 stem-loop,AAAUUUUCCUUACCGUGUAGCUUAGACUCGGAAGAACUAUUUUGAGUUACAUGGUCAGGGGAUUU
mdv1-mir-M12,MI0006990,Mareks diseasevirus,type 1 miR-M12 stem-loop,GAUCAAGGCCCUCCGUAUAAUGUAAAUGUCCAAAGGUUUGCAUAAUACGGAGGGUUCUGAUC
mdv1-mir-M13,MI0006991,Mareks diseasevirus,type 1 miR-M13 stem-loop,AGUUUUCCAGGAGAUUUCCCGGUUUCGACUGCCGAAGCAUGGAAACGUCCUGGGAAAAUCU
hiv1-mir-TAR,MI0007073,Human immunodeficiencyvirus,1 miR-TAR stem-loop,GGGUCUCUCUGGUUAGACCAGAUCUGAGCCUGGGAGCUCUCUGGCUAACUAGGGAACCCAC
mdv1-mir-M31,MI0008337,Mareks diseasevirus,type 1 miR-M31 stem-loop,UCCUGUGGCCAGCUCACUGGCUGUGCACUGUGCGAUUCUAAGUGCUACAGUCGUGAGCAGAUCAAUGGA
hsv1-mir-H2,MI0008937,Herpes Simplexvirus,1 miR-H2 stem-loop,GCCACCGUCGCACGCGCCCGGCACAGACUCUGUUCUUGGUUCGCGGCCUGAGCCAGGGACGAGUGCGACUGGGGC
hsv1-mir-H3,MI0008938,Herpes Simplexvirus,1 miR-H3 stem-loop,CCGCGGGCGCGCUCCUGACCGCGGGUUCCGAGUUGGGCGUGGAGGUUACCUGGGACUGUGCGGUUGGGACGGCGCCCGUGG
hsv1-mir-H4,MI0008939,Herpes Simplexvirus,1 miR-H4 stem-loop,GCCGGGGUGGUAGAGUUUGACAGGCAAGCAUGUGCGUGCAGAGGCGAGUAGUGCUUGCCUGUCUAACUCGCUAGUCUCGGC
hsv1-mir-H5,MI0008940,Herpes Simplexvirus,1 miR-H5 stem-loop,GCGCUCCCUCGGGGGGGUUCGGGCAUCUCUACCUCAGUGCCGCCAAUCUCAGGUCAGAGAUCCAAACCCUCCGGGGGCGC
hsv1-mir-H6,MI0008941,Herpes Simplexvirus,1 miR-H6 stem-loop,CGGGGGGCCGGAGGGUGGAAGGCAGGGGGGUGUAGGAUGGGUAUCAGGACUUCCACUUCCCGUCCUUCCAUCCCCCGUUCCCCUCG
jcv-mir-J1,MI0009980,JC polyomavirus,miR-J1 stem-loop,UCUGCACCAGAGGCUUCUGAGACCUGGGAAAAGCAUUGUGAUUGUGAUUCAGUGCUUGAUCCAUGUCCAGAGUCUUCUGCUUCAGA
bkv-mir-B1,MI0009981,BK polyomavirus,miR-B1 stem-loop,GGGAAUCUUCAGCAGGGGCUGAAGUAUCUGAGACUUGGGAAGAGCAUUGUGAUUGGGAUUCAGUGCUUGAUCCAUGUCCAGAGUCUUCAGUUUCUGAAUCCU
ebv-mir-BART21,MI0010627,Epstein Barrvirus,miR-BART21 stem-loop,GGGCUGGGUAUUCACUAGUGAAGGCAACUAACACAGUUAGACGUGCUAGUUGUGCCCACUGGUGUUUAUCCGGUCC
ebv-mir-BART22,MI0010628,Epstein Barrvirus,miR-BART22 stem-loop,GUCACAGGUGCUAGACCCUGGAGUUGAACCAGUACCACUCGGUUACAAAGUCAUGGUCUAGUAGUUGUGAC
mcpv-mir-P1,MI0010647,Merkel cell polyomavirus,miR-P1 stem-loop,AGGUGCCAUACGUUCUGGAAGAAUUUCUAGGUACACUGGUUCCAUUGGGUGUGCUGGAUUCUCUUCCUGAAUUGGUGGUCUCCU
hsv2-mir-H3,MI0010692,Herpes Simplexvirus,2 miR-H3 stem-loop,AGCGAGGACGCGGCCGGCGCGCUCUCGACCGCGGUUCCCGAGUCGUACGCAGGGACCAUUUGGGAGUCUGCGGUUGGGAGCGCGCCGGGGCGCGGCACGGCU
hsv2-mir-H4,MI0010693,Herpes Simplexvirus,2 miR-H4 stem-loop,GGGGCGGGAGAGUUCACUCGGCACGCAUGCACGUGUAACCGCCAGUCCGUGCUUGCCUAGCGAACUCACCCGUCCC
hsv2-mir-H2,MI0010694,Herpes Simplexvirus,2 miR-H2 stem-loop,UCGGUCGCGCCUGCCCGGCCCAGACUCUGUGCUUGGGUGUCGGUCUGAGCCUGGGUCAUGCGCGACCGG
hbv-mir-B2RC,MI0011555,Herpes Bvirus,miR-B2RC stem-loop,GCCCGCCGUCUCUCGUUCCCGGCCGUGCGGUCGAGCCGCGGCCCCUGGGCGCGGAGAGACGGGCGCGGG
hbv-mir-B4,MI0011556,Herpes Bvirus,miR-B4 stem-loop,GCCCGGCGCCCCGGGCUAUCCACGCCCCUUCGGCCCGGCCGGACGCGGGGGCGGACGGGGCGUGGUUGGUGGGCGGGGC
hbv-mir-B20,MI0011557,Herpes Bvirus,miR-B20 stem-loop,CGCCGGCGGCGGCCGAGAGUGAGGGUGGCGAGCGCGUGGACGCACCUCCCGACGUGCUGGUUGCCCGCGCUCUCGGGCGCGGCCGGACG
hsv1-mir-H7,MI0012167,Herpes Simplexvirus,1 miR-H7 stem-loop,GAAGAGGGGGGAGAAAGGGGUCUGCAACCAAAGGUGGUCUGGGUCCGUCCUUUGGAUCCCGACCCCUCUUCUUCCCUCUUCUC
hsv1-mir-H8,MI0012168,Herpes Simplexvirus,1 miR-H8 stem-loop,GUCCCUGUAUAUAUAGGGUCAGGGGGUUCCGCACCCCCUAACAUGGCGCCCCCGGUCCCUGUAUAUAUAGUUGUC
hvt-mir-H1,MI0012473,Herpesvirus,of turkeys miR-H1 stem-loop,CUUCGGGCACCGUUCAUCUCGGCGCGCCGAGCGCGCGCUAGCUGAUCGCGCAGGGAUGUCGGGCGCGCCG
hvt-mir-H2,MI0012474,Herpesvirus,of turkeys miR-H2 stem-loop,GCGGCCGAUCAGCGCGCGGCGGGCCGACCGGCUCGAGGAUAACGGGCCCGUUCGGACGUUUCGGUUUUCU
hvt-mir-H3,MI0012475,Herpesvirus,of turkeys miR-H3 stem-loop,CUGCGUCAUGGAUCGCGGGGGGACGCCGCCGCGGACCGGUCAAUGUGGCGGUUCCCGACGGAGGCUCGGCGGUC
hvt-mir-H4,MI0012476,Herpesvirus,of turkeys miR-H4 stem-loop,GGCGGAGGUGUGAUAUGGUGUGAUAUGGUGUGAUAUGAAUGCCUAUGCGGGCGGUGGCACCCGCCGUCGGAGUAAC
hvt-mir-H5,MI0012477,Herpesvirus,of turkeys miR-H5 stem-loop,CCGCUGGUGCCGACGAUCGCCGGGACCGGCACUUUCGCGGCGGACGAGCUGGUAACCUCUGCGAUCGUUCGGUGAUG
hvt-mir-H7,MI0012478,Herpesvirus,of turkeys miR-H7 stem-loop,GCCUAUCAUUUUUCCUAAAGCGUGCCCGGGUUAUGCUUUAGUCAAACCGGUCCGUUGUAGGAAUUAGGAAAGGC
hvt-mir-H8,MI0012479,Herpesvirus,of turkeys miR-H8 stem-loop,GGGCAUGGAUCUCUCGCGGGGUGCGUAGGCGUGUGUAUUCAUUAACAGCUAUGUAAUCCGCAGGAUUCGAGUACCC
hvt-mir-H9,MI0012480,Herpesvirus,of turkeys miR-H9 stem-loop,GCAUACUUUCUCAUGGACCCCCGAGUUGUGUCUAUUCGUUAACAGCUAGGCCGUCCAUGAGGUCGUAGGC
iltv-mir-I1,MI0012481,Infectious laryngotracheitisvirus,miR-I1 stem-loop,CGCAGAGGAGACUGAUUGGGGAAUGAUUGGGAAGCUUGUGCCAAUUCCAUUCCUCUUUCUGUCUCCACCG
iltv-mir-I2,MI0012482,Infectious laryngotracheitisvirus,miR-I2 stem-loop,CCGCGGAAGGCUGUGCGAUAGGAGCCGAGUACACUUAAGUUUAUCCGCUCCUACGCAGUAGCCUCCGCCA
iltv-mir-I3,MI0012483,Infectious laryngotracheitisvirus,miR-I3 stem-loop,CUGCCCGCUCCCGCCGGAGACCGAGUUACUGCGUUUAGAGCUAUCUUGUCUCUGGGUGGGUUCGGAGAGU
iltv-mir-I4,MI0012484,Infectious laryngotracheitisvirus,miR-I4 stem-loop,GUCGUGUAUGUAUAGCGAGCAAUGACCGUGUGGUUCCCUCAUCACGGAGUGCUCGUUAUGCAUAGAUGCC
iltv-mir-I5,MI0012485,Infectious laryngotracheitisvirus,miR-I5 stem-loop,UCGUUCUUCUCGUCCCCGUCUUCUUCAGAUGAGCUGGAGUCUGAAGAAGACGACGACGAGGAGCAUGAGG
iltv-mir-I6,MI0012486,Infectious laryngotracheitisvirus,miR-I6 stem-loop,UCUCUGUCUCCUGUACCCUCAUCGUCGUUGUCGGUCUUCCCAACGCUGAGGGGCCAUGAGACAGUGAGUC
mdv2-mir-M32,MI0012487,Mareks diseasevirus,type 2 miR-M32 stem-loop,CUGCGAUUCCAUCCUUCGACUAGCGACUUGUUAUGGCGGGUAAUAGCCGGACGACGGAGUCUCGG
iltv-mir-I7,MI0012623,Infectious laryngotracheitisvirus,miR-I7 stem-loop,AGAACAAACAUUCGCACCUCAGUAUUAAAAAUAUAAUAUAGAUAUACUAUAUUUUUAAUACUGAGGUGCGAAUGUUUGUUCU
hvt-mir-H10,MI0012624,Herpesvirus,of turkeys miR-H10 stem-loop,GGUCCUUCUCGCGGAUAGCGUAGAUGUCUCUAUUCGUUAACAGCUACAUUGUCCGCAGGGAUC
hvt-mir-H12,MI0012625,Herpesvirus,of turkeys miR-H12 stem-loop,UACUUUCUUAUGGACCGCCGAGGUGUGUCUAUUCGUUAACAGCUAGGCCGUCCAUGAGGUCGUA
hvt-mir-H13,MI0012626,Herpesvirus,of turkeys miR-H13 stem-loop,GGCGUAUUUUCUCCGGUGAGCGUAGCUGCCUGUAGUCGUUAGCAGCUACGUUGUCCGCGGGAUUCUAGCC
hvt-mir-H14,MI0012627,Herpesvirus,of turkeys miR-H14 stem-loop,CGGACUCAUUCAGCGGGCAAUGUAGACUGUGUACCAAGUGACAGCUACAUUGCCCGCUGGGUUUCUG
hvt-mir-H15,MI0012628,Herpesvirus,of turkeys miR-H15 stem-loop,CUCUCGGAACAGGCGUAUUUUUUGCGUAUUUUAUGAAGCAGCAAAGAUACGCAUGGGCUGAGGG
hvt-mir-H16,MI0012629,Herpesvirus,of turkeys miR-H16 stem-loop,ACCCUUCAUGUCGGGGGUGUUUGUGUGUUUGUGGAGCAGCAUAAAUAGCCCCGAUUUGACAGGU
hvt-mir-H17,MI0012630,Herpesvirus,of turkeys miR-H17 stem-loop,GCCCUUCACGUCGGGGGUGUUUGUGUGUUUGUGAAGCAGCAUAAACAGCCCCGAUUUGACAGGU
hvt-mir-H18,MI0012631,Herpesvirus,of turkeys miR-H18 stem-loop,AGCCCAUCAAACCGGGGGGGAUUUCAGUAUGUUUGUGAAGCAUCUGAGAUACGCCCGAUUUGACGAAUU
hvt-mir-H11,MI0012632,Herpesvirus,of turkeys miR-H11 stem-loop,GGUGGUGAAUGUAAACCGUUGGCAGCAUAUAUUCGACGCGAAUUGUCGCGGCGGGGGAUGAAAUGGGCUUUACCAUC
bhv1-mir-B1,MI0013173,Bovine herpesvirus,1 miR-B1 stem-loop,GACACGAGAUCUGGACGACGAGGUCCUCGGCGUUGGCGGCCGCCGGGAACGCCAGCCCGUCGCCCGCGCACGACAGGCACUCAAUGUCAAAGCACAGCAGCUUGUAGUC
bhv1-mir-B2,MI0013174,Bovine herpesvirus,1 miR-B2 stem-loop,GCCGGCGCAUUGUGGAGACGGGCAGCGCGGACGAGCUACGGAGAGCCGAGGGCCACGUCCGCGCGAUGCUGCUGCACCUAUACGCCGGC
bhv1-mir-B3,MI0013175,Bovine herpesvirus,1 miR-B3 stem-loop,GCCACGGCCGCAACGCGGAACAUGCGCACGCUGGACGCGGCGCUGCACCACGGCGUGCUGAUGAUGGC
bhv1-mir-B4,MI0013176,Bovine herpesvirus,1 miR-B4 stem-loop,GCGCGGCCGCGUGAUGUAGAGGGUGACGCGAACGGCAGCGCCGGGACUCGCGUCUUCCGGCGACACCAGCCGCGC
bhv1-mir-B5,MI0013177,Bovine herpesvirus,1 miR-B5 stem-loop,UCGGACUCGGAGGGCUCGGAGGACGACUCUUGGUCGGAGUCAGAAGAGUCGUCGUCGGGGCUCAGCACCUCCGACCUGA
bhv1-mir-B6,MI0013178,Bovine herpesvirus,1 miR-B6 stem-loop,CGCGGAGGGCAAGUGCCCGACGCGGGGAACGUGGCGGCGGACGCCAGCGCCGCGUCUCCGGCGCCGGGUCCUGGCCCUCCGCG
bhv1-mir-B7,MI0013179,Bovine herpesvirus,1 miR-B7 stem-loop,CGCGGAGGGCCAGGACCCGGCGCCGGAGACGCGGCGCUGGCGUCCGCCGCCACGUUCCCCGCGUCGGGCACUUGCCCUCCGCG
bhv1-mir-B8,MI0013180,Bovine herpesvirus,1 miR-B8 stem-loop,CCCCCGCGCGGGCAAAAAAUCCAAUGGCGGAUAAUCGAGAGCUAUUGUAUUUUUGCGCCAGCGGGGG
bhv1-mir-B9,MI0013181,Bovine herpesvirus,1 miR-B9 stem-loop,GGCCUCCAGCGUUCGCACAAAGCUCAAUAAGUUUAUAUAUAUAUUAUUGGCCCGAGUGCGAGCCCUGGGACC
rlcv-mir-rL1-14-2,MI0013275,Rhesus lymphocryptovirus,miR-rL1-14-2 stem-loop,CACCUGCCCUCCGGCUGGGUCGGACGGUCUGGUGCGCUUGAUGUGUUUUUAGUACCAUCGCACAUCAGGCUGAACGACUCAGAGGAGUGGCCCUUG
rlcv-mir-rL1-17,MI0013276,Rhesus lymphocryptovirus,miR-rL1-17 stem-loop,CAUGCCCGUGGUGUUCUGAUGGACAGCGGGGAAGUGCACUUGUGCUUAUGUAAUCGGUGCUUCGCCCUCUCCAUCAUAAUAACACGAGGAUG
rlcv-mir-rL1-18,MI0013277,Rhesus lymphocryptovirus,miR-rL1-18 stem-loop,AGGUGUGGGGUUUAGAUGAUUGGGGGCGGCGUAUCUUUUGAUUUGGUAAAAGUUAGCCCCUCCCCAUCAUCUUGACACCACAUUU
rlcv-mir-rL1-19,MI0013278,Rhesus lymphocryptovirus,miR-rL1-19 stem-loop,UCAGGUGUGGAAUUAUAGAUAGCGUGGGUGUGUGACCUUGUUUGUUACACAAAGAUCACCACCCCCUGUCUGCUUUCCACUCCUGA
rlcv-mir-rL1-20,MI0013279,Rhesus lymphocryptovirus,miR-rL1-20 stem-loop,GCAUUGACCUUGUUGGUUACCUUAAAGGGUAGUGUGGUUCACAGCAGUUUGUGAAAAACCUGUGGAUCUAACUUCCCUUAGUGUAACCCAGGGUGGAGC
rlcv-mir-rL1-21,MI0013280,Rhesus lymphocryptovirus,miR-rL1-21 stem-loop,GGCUGAGCUGUGCAGUUUUGAUUGUGGGGGGAGGGCUCUCUUAUCUAGGCUAGAGGCCUCUUCUCACAAUUCUAAUUUCACAGCUCUCCAGAAGCC
rlcv-mir-rL1-22,MI0013281,Rhesus lymphocryptovirus,miR-rL1-22 stem-loop,AUAGUUAUCUAGGCUUGAUAUUCGUGGGGGGAAACGGUGGAUUUUGGUGUAGUUAUUAUUCACCGUUUCAUCCCCACGAUUAUUCGGUUUCAAUUGCUCU
rlcv-mir-rL1-23,MI0013282,Rhesus lymphocryptovirus,miR-rL1-23 stem-loop,UGGCUGUGGGGGCUGGGUAUUCACUAGUGCUGGCACCUAAGAUAACUAGAAUUGUUAGUUGUCUGCACUGGAGAGUAUUCGGUUUCAGAAGUCA
rlcv-mir-rL1-24,MI0013283,Rhesus lymphocryptovirus,miR-rL1-24 stem-loop,CGUGCGGGUGCCCUGGCUCAAGUUCUCAUUUCCAAUACAGUUUGAGAACCUUGUAUCGGAGAUAGGACUUGAUACCAGUUUGCCCGAUG
rlcv-mir-rL1-25,MI0013284,Rhesus lymphocryptovirus,miR-rL1-25 stem-loop,GGGGAUGAUGUGGCUGCUGCUGGUGCUAGACCCUAAAUUGGAAACAAUAAUAGUGAUUCUGUGACAAUUUAAUGGGUCUAGUAGUUGCAGUCUGGCCCC
rlcv-mir-rL1-26,MI0013285,Rhesus lymphocryptovirus,miR-rL1-26 stem-loop,CGCUGGCGCUACACCCGGGAUUCGAAGCAGUCAUUGGGCCUCUGCUACGAUUCUCCGGGUUUAGCAGUUGCG
rlcv-mir-rL1-27,MI0013286,Rhesus lymphocryptovirus,miR-rL1-27 stem-loop,GGAGUGACCCGGAGCCGCCUCCUUGGUUCUGUCCACAUUUUGUUGCUGCACAUAACCAUGGAGGUGGUUGCGGUGCAGCC
rlcv-mir-rL1-28,MI0013287,Rhesus lymphocryptovirus,miR-rL1-28 stem-loop,GUGGACCCGGAGAGUCUGUCUUGGAAGGCGUUGCUUUCAGCUGUUUAUAUGGUUGGAGGAAAGUAUCGCCUUCUAGAAUUGGCUUGUCCAU
rlcv-mir-rL1-29,MI0013288,Rhesus lymphocryptovirus,miR-rL1-29 stem-loop,GCUGAGUCCGUGUCCUAAAACCAGUCCCAGCAGACAAAACAUAGUAUGGUCGAGUGUUUUGUUUGCUUGGGACUGCAGUUAGGGCGCGUAAACUCGU
rlcv-mir-rL1-30,MI0013289,Rhesus lymphocryptovirus,miR-rL1-30 stem-loop,CAGGAAGCCCGUGUCCUGGCACCGGUCCUUUGAGGUACGAAACAUUGUGAGUUUGUUUCGUUUUCGAAGGUCGGCUGUCAGUGCAUGUGGAGAUUUUCG
rlcv-mir-rL1-31,MI0013290,Rhesus lymphocryptovirus,miR-rL1-31 stem-loop,UGCCGGGUAAUGCCCGGUCGCUUACGCCGACCGCGUAACUUGUGGUAUAUUGUUAGGCGUGUCGUCGUAAGCAGCCGGGCGACCCGGCG
rlcv-mir-rL1-32,MI0013291,Rhesus lymphocryptovirus,miR-rL1-32 stem-loop,UGGUGUCCUGUAACUUACUACUGCCGCUUUACAUAACGUAGCUUGUAAAUGCGAGCAGUAGUAGGCGUCUGGACGCUA
rlcv-mir-rL1-33,MI0013292,Rhesus lymphocryptovirus,miR-rL1-33 stem-loop,GUGGACUUCCAGACCAUUGUCUUCAUUUGCCCUUGCGUGUACAUGACUGCAAAGAGCAAAUGGGGGGAAUAGCCUGUGAGUUCCGC
hsv2-mir-H7,MI0013558,Herpes Simplexvirus,2 miR-H7 stem-loop,GGGGAGAAAGGGGUCCGUAACCAAAGGUGGUCUGCGUCCUUUGGAUUCCGACCCCUCGUCUCCCC
hsv2-mir-H9,MI0013559,Herpes Simplexvirus,2 miR-H9 stem-loop,CUCGGAGGUGGAGUCGCGGUGAAGGUCGUCGUCAGAGAUUCCCACCUCGGUCUCCUCCUCCGAG
hsv2-miR-H10,MI0013560,Herpes Simplexvirus,2 miR-H10 stem-loop,UUUCCCCCCCUACAACAGUGUUGUCCGUUGGUUGGGUGGUUGGGGUGCGGGGGUGGGCGGGGGAAG
hsv1-mir-H11,MI0013885,Herpes Simplexvirus,1 miR-H11 stem-loop,GGGCGUGGCCGCUAUUAUAAAAAAAGUGAGAACGCGAAGCGUUCGCACUUUGUCCUAAUAAUAUAUAUAUUAUUAGGACAAAGUGCGAACGCUUCGCGUUCUCACUUUUUUUAUAAUAGCGGCCACGCCC
hsv1-mir-H12,MI0013886,Herpes Simplexvirus,1 miR-H12 stem-loop,GGAGUCGGGCACGGCGCCAGUGCUCGCACUUCGCCCUAAUAAUAUAUAUAUAUUGGGACGAAGUGCGAACGCUUCGCGUUCUCACUUC
hsv1-mir-H13,MI0013887,Herpes Simplexvirus,1 miR-H13 stem-loop,GCGAAGCGUUCGCACUUCGUCCCAAUAUAUAUAUAUUAUUAGGGCGAAGUGCGAGCACUGGCGC
hsv1-mir-H14,MI0013888,Herpes Simplexvirus,1 miR-H14 stem-loop,GCCGUGUGCCCCAGUCGCACUCGUCCCUGGCUCAGGCCGCGAACCAAGAACAGAGUCUGUGCCGGGCGCGUGCGACGGUGGCGCGCGGC
hsv1-mir-H15,MI0013889,Herpes Simplexvirus,1 miR-H15 stem-loop,ACCACAGCGCAUGCGCCGGGCCGUUGUGGGGCCCCGGGCCGGGGCCCCUUGGGUCCGCCGGGGCCCCGGGCCGGGCCGCCACGGGGGCCGGCCGUUGGCGGU
hsv1-mir-H16,MI0013890,Herpes Simplexvirus,1 miR-H16 stem-loop,GCGCAGAGAGCCUCGUUAAGAGCCAGGAGGCUGGGAUCGAAGGCCACAUACGCGCGCUCGAACGCCCCCGCCUUCCAGCUGCUGCCGGGGGACUCUUCGC
hsv1-mir-H17,MI0013891,Herpes Simplexvirus,1 miR-H17 stem-loop,GGCCCACUCGCACGCCGCCUGCGCGCGCUGGGGCCUGGGCGCGCCGCUGCGGCCCGUGUACGUGGCGCUGGGGCGCGAGGCGGUGCGCGCCGGCC
hsv1-mir-H18,MI0013892,Herpes Simplexvirus,1 miR-H18 stem-loop,CGGUCCCGCCCGCCGGACGCCGGGACCAACGGGACGGCGGGCGGCCCAAGGGCCGCCCGCCUUGCCGCCCCCCCAUUGGCCGGCGGGCGGGACCG
hsv2-mir-H11,MI0013898,Herpes Simplexvirus,2 miR-H11 stem-loop,UCGGCAGGGGGCGUGGCCGCCCUUCUAAAAAAAGUGAGAACGCGAAGCGUUCGCACUUUGUCCUAAUAAUAUAUAUACUAUUAGGACAAAGUGCGAACGCUUCGCGUUCUCACUUUUUUUAGAAGGGCGGCCACGCCCCCUUUGA
hsv2-mir-H12,MI0013899,Herpes Simplexvirus,2 miR-H12 stem-loop,GGGCGCCAGUGCUCGCACUUUGCCCUAAUAAUAUAUAUACUAUUAGGACGAAGUGCGAACGCUUCGCGUUC
hsv2-mir-H13,MI0013900,Herpes Simplexvirus,2 miR-H13 stem-loop,CGCGAAGCGUUCGCACUUCGUCCUAAUAGUAUAUAUAUUAUUAGGGCAAAGUGCGAGCACUGGCG
hsv2-mir-H19,MI0013901,Herpes Simplexvirus,2 miR-H19 stem-loop,CGGGACGGGUGAGUUCGCUAGGCAAGCACGGACUGGCGGUUACACGUGCAUGCGUGCCGAGUGAACUCUCCCGCCCCG
hsv2-mir-H20,MI0013902,Herpes Simplexvirus,2 miR-H20 stem-loop,GGACAGGGGGGGAGACGAGGGGUCGGAAUCCAAAGGACGCAGACCACCUUUGGUUACGGACCCCUUUCUCCCCCCCUUCC
hsv2-mir-H21,MI0013903,Herpes Simplexvirus,2 miR-H21 stem-loop,GUUUGUUUCGUCCGAACCCAUGCGCCUCCAUCGAGAUAACGUCAUGCUGUCUACGGAACCAGAC
hsv2-mir-H22,MI0013904,Herpes Simplexvirus,2 miR-H22 stem-loop,CCCCAGGGGUCUGGACGUGGGUGGGCGCGGGGAGCGCGGGGACGACCGGGCCCGAGCCUUCUCCGUCCCCCCUGGGG
hsv2-mir-H23,MI0013905,Herpes Simplexvirus,2 miR-H23 stem-loop,CGUCCGACGGAGAGGCCGUGGAGCUUGCCAGCGAGACGCUCAUGAAACGCGAGUUGACGAGCUUCGCGGUACUACUCCCCCAGGGCG
hsv2-mir-H24,MI0013906,Herpes Simplexvirus,2 miR-H24 stem-loop,GCGGCGGCGGGGGGCAGGCGGCGGCAGGCGCGGCGUGCGGGGCCUCCGGCGCCUUCCCCCCGCCCUCGC
hsv2-mir-H25,MI0013907,Herpes Simplexvirus,2 miR-H25 stem-loop,GCCGGCGUCCCGGUCGCCGCCGCACCAGGGGCACACCGGCUGCGCGGCGGAGACCGGGACGGCAGCGGC
bhv1-mir-B10,MI0014712,Bovine herpesvirus,1 miR-B10 stem-loop,GUGGACGCUUCGCGCGGCUGCGCCCUGGCCCUCUUGGACAUGGCGGAGACGGUGGUGCCCGGCGGACCGC
hsv2-mir-H5,MI0014713,Herpes Simplexvirus,2 miR-H5 stem-loop,CUCCCGCUCCUGCGGGGGGGCUCGGGCCACCUGACCUUCGUAACCUGCACUCAGGUCAGAGCCCCAGACCCCCCGCGGGCGCGGGAG
hsv2-mir-H6,MI0014714,Herpes Simplexvirus,2 miR-H6 stem-loop,GGCGUCGGGACUCGCGGAGGGCCGGAGAAUGGAAGGCGAGGGGAUGCAGGAGGAGGAUCGGGACUCCCCAUCUUCUGCCCUUCCAUCCUCCGUUUUUCCGCUUUCCACCGCC
rlcv-mir-rL1-34,MI0015355,Rhesus lymphocryptovirus,miR-rL1-34 stem-loop,CAAACAAGGCUGUAGCCUUUAGAUGGCGUAACAGGCAACUUGUGUAUGAGGCCAAGUUAGCCCGAACCGCUAUCCAUAUGCUGCUGCUCCAUCUC
rlcv-mir-rL1-35,MI0015356,Rhesus lymphocryptovirus,miR-rL1-35 stem-loop,GGGCUCCCCGGUCACCGGCUCACAGCUAGUACGGACGAUUAUUGGCUCUGUAACUUGUCGUGGGACGGGCAUCGAUGUGCUC
mghv-mir-M1-10,MI0016250,Mouse gammaherpesvirus,68 miR-M1-10 stem-loop,UUAAGAACCCUCAGUGCAAUCACUUGUCUGCAUUUGGAGUGAUUACACGGAAGGUUCUUUU
mghv-mir-M1-11,MI0016251,Mouse gammaherpesvirus,68 miR-M1-11 stem-loop,GACAGCUGUCAGGGGUUACAUGAGAGAACUUCAUGUAACCCCUGACAGCUGUC
mghv-mir-M1-12,MI0016252,Mouse gammaherpesvirus,68 miR-M1-12 stem-loop,GUAAGGGUACUCUCAUCACCAAUGUAAAUUAAUAUGUAGCAAACUUUGGUGUGGGAGUCCUACCCCUUUU
mghv-mir-M1-13,MI0016253,Mouse gammaherpesvirus,68 miR-M1-13 stem-loop,UGGGAAGAGUCUGUUGAGUGGCCGCGUAGGUUGUAAGCUAUCUCAUGUGAGCUCUUCUUU
mghv-mir-M1-14,MI0016254,Mouse gammaherpesvirus,68 miR-M1-14 stem-loop,GCCCCGUUCUGGAUGCUGUGGGACACUGAAAUUGCUGUGCUACAGCGUGCAGAACGUUUU
mghv-mir-M1-15,MI0016255,Mouse gammaherpesvirus,68 miR-M1-15 stem-loop,AGCUACCCGCGUGGCCGGAGUGUUUAGACCCUCUAACCCACCUUCCGGGUCUCU
bpcv1-mir-B1,MI0018178,Bandicoot papillomatosis carcinomatosisvirus,type 1 miR-B1 stem-loop,AUCGCAUGGGAACUCUCAGGCUUAGUACUUUAUAAACCGAAAGUAUAAUACUGUGCUUGAGAGUGCGCGGU
bpcv2-mir-B1,MI0018179,Bandicoot papillomatosis carcinomatosisvirus,type 2 miR-B1 stem-loop,UUGCACGAUAGCUCUCAGGCUUAGUACUUUAUAAACCGAAAGUAUAUAAUACUGUGCUUGAGAGUGCGCGGUAA
hvsa-miR-HSUR5,MI0019125,Herpesvirus,saimiri strain A11 miR-HSUR5 stem-loop,UCCGCGCUCUUACUGCUUGAUACUUCAACAAGAAGUUACAGCAGUGAGAGCGCUGCU
hvsa-miR-HSUR4,MI0019126,Herpesvirus,saimiri strain A11 miR-HSUR4 stem-loop,ACCGUGUUGCUACAGCUAUAACUUCAAACAUGCAGUUUAUAGCAGUGGGCAACACGU
hvsa-miR-HSUR2,MI0019127,Herpesvirus,saimiri strain A11 miR-HSUR2 stem-loop,UCUGUGCUCUCAAGGCUUUAAACUUUGUGUUUAAAAGUUUUAGAGCCUUGAGAGCACU
hhv6b-mir-Ro6-1,MI0020179,Human herpesvirus,6B miR-Ro6-1 stem-loop,GCGCGCUUUCAAGCAGUCCCGAUCUAUGCGACUCACCGUGUCGCGUUGGCAUCGGGCGCUGCUAUAG
hhv6b-mir-Ro6-2,MI0020180,Human herpesvirus,6B miR-Ro6-2 stem-loop,CGGCGACAGCCGCCGCCGCCGUUACUGUCACUGUUCAAAGAACGUGGCCGUUACAGUUUCCGCUGCCGCUGUGGUCGCCGC
hhv6b-mir-Ro6-3,MI0020181,Human herpesvirus,6B miR-Ro6-3 stem-loop,CCGGAGCGGCGACGGAGCCCGCUCGGUAUCGCGGACGUGCGAGACCGAGCGGGCUCCAUCCGCCGCUCGGUC
hhv6b-mir-Ro6-4,MI0020182,Human herpesvirus,6B miR-Ro6-4 stem-loop,GACCGAGCGGCGGAUGGAGCCCGCUCGGUCUCGCACGUCCGCGAUACCGAGCGGACUCCGUCGCCGCUCCGG
hsv1-mir-H26,MI0021816,Herpes Simplexvirus,1 miR-H26 stem-loop,UCAGGCUAGCGCGGCGGGCCUGCCGUAGUUUCUGGCUCGGUGAGCGACGGUCCGGUUGCUUGG
prv-mir-LLT1,MI0022072,Pseudorabiesvirus,miR-LLT1 stem-loop,GCGGUGGGUCGACGGCUCCUGGGGCUGAAAGCGGCGCUGCGGAUCCCCCGCUCUCACCCCUGGGUCCGUCGCCGCCCCGCGG
prv-mir-LLT2,MI0022073,Pseudorabiesvirus,miR-LLT2 stem-loop,CCAUUCGCUUCUCAUCCCGUCAGACCUGCGCCAUGGAGUUCGAGGACGGGCGCGGGGCAACGGUGGUGAGAGGCGAGCCG
prv-mir-LLT3,MI0022074,Pseudorabiesvirus,miR-LLT3 stem-loop,GGUGAGAGGCGAGCCGGGGGGGUCGAGUGGGCCUCGCACUUUACGCGCACACGCCCCUCUCGCGCACCACACACCAC
prv-mir-LLT4,MI0022075,Pseudorabiesvirus,miR-LLT4 stem-loop,GCCGCGGCCAAGAGUAUCAGCGUGGCUUUUUUGUUGGUCAGGGUGUGAAAAAGGCACGCUGAUGCGUCCGCCGCUGCAG
prv-mir-LLT5,MI0022076,Pseudorabiesvirus,miR-LLT5 stem-loop,CCUGUUCCCCAUCCUUCCACCCAUGCAUUCAUCCGUGCGGUGGUGGGGAUGAGUGGAUGGAUGGAGGCGAGGGACGCGGU
prv-mir-LLT6,MI0022077,Pseudorabiesvirus,miR-LLT6 stem-loop,AGGCAGGGUGCGUACCGACCCGCCUACCAGGCAGGCUAGAAGCCUCACGCUGCUGCUUGGCAGCGGGUGGGUACCCAACCCCUCC
prv-mir-LLT7,MI0022078,Pseudorabiesvirus,miR-LLT7 stem-loop,UGGCCGCCCCCGGGGGGUUGAUGGGGAUGGGCGCUCGGGGGUGAUCGUCUGCUACCAAACCGCACCACCGUCCCCCUGUCCCUCAUCCACUUCUCGACGGCCGGCUC
prv-mir-LLT8,MI0022079,Pseudorabiesvirus,miR-LLT8 stem-loop,GGUGCAGGCGGUGGGGGCGAAGAUUGGGUUGGGUGAGAGACUAGAACCGGUGUUCUCAACCCUUCUGGAGCCCUACCCUCUGUGCCU
prv-mir-LLT9,MI0022080,Pseudorabiesvirus,miR-LLT9 stem-loop,GCUGGGCGCGAUCGAGGAGAUGUGGAGGGGUGCCAAGCGCCCGCCGCCCUCCCCCGCAUCUCUUCUCUCUCGCACACGCA
prv-mir-LLT10a,MI0022081,Pseudorabiesvirus,miR-LLT10a stem-loop,CGGCUUCCGGGGCGCGGCCGGGGCGGGCUCCGCGGAUCGCAUCGGCGCGCCGAGCCUGCCCCUUCCGUCGCACCGGGGGUCC
prv-mir-LLT10b,MI0022082,Pseudorabiesvirus,miR-LLT10b stem-loop,CGGCUUCCGGGGCGCGGCCGGGGCGGGCUCCGCGGAUCGCAUCGGCGCGCCGAGCCUGCCCCUUCCGUCGCACCGGGGGUCC
prv-mir-LLT11a,MI0022083,Pseudorabiesvirus,miR-LLT11a stem-loop,GGUGGCAGCGGGGGAGGCUGGGAGUGGGGACGGAAGACGGAAGCCAGAUGAACCUGUUCCGCCCGCUCUCCCACCGCCUUUCCCUCCCC
prv-mir-LLT11b,MI0022084,Pseudorabiesvirus,miR-LLT11b stem-loop,GGUGGCAGCGGGGGAGGCUGGGAGUGGGGACGGAAGACGGAAGCCAGAUGAACCUGUUCCGCCCGCUCUCCCACCGCCUUUCCCUCCCC
blv-mir-B1,MI0022561,Bovine leukemiavirus,miR-B1 stem-loop,AGGCUGUGGUGGUGCACUGGCUUAGUGGAGUAGUCAGUGUACCAUCACAAGCCUCU
blv-mir-B2,MI0022562,Bovine leukemiavirus,miR-B2 stem-loop,AUGACUGAGUGUAGCGCAGAGAGAUUGUCGCUUCUGCGUGUCGCUCAGUCAUUUU
blv-mir-B3,MI0022563,Bovine leukemiavirus,miR-B3 stem-loop,AUCCCCCUGCCAGCGUUGGUCUAGUGGAAAGAACUAACGCUGACGGGGGCGAUUUCU
blv-mir-B4,MI0022564,Bovine leukemiavirus,miR-B4 stem-loop,GCGGGAGGCUCUGGUGCUGGGGAUAAGAUGUGGCCCUUAGCACCACAGUCUCUGCGCCUUU
blv-mir-B5,MI0022565,Bovine leukemiavirus,miR-B5 stem-loop,AGGAAGGUUGUGGCUCAGAGGUUAAAAUAGCUCGAGCCGCAACCUCCCUUUCU
hcmv-mir-US22,MI0023578,Human cytomegalovirus,miR-US22 stem-loop,GGGGACCUGUUUCAGCGUGUGUCCGCGGGCGUGCAUGGCUUUUGCUCGCCGGCCGCGCUGUAACCAGGCCUC
hcmv-mir-US29,MI0023579,Human cytomegalovirus,miR-US29 stem-loop,UCACGUUUGGAUGUGCUCGGACCGUGACGGUGGGUUUCGUCGCGCCCACGGUCCGGGCACAAUCAACCGUGG
dev-mir-D1,MI0023580,Duck enteritisvirus,miR-D1 stem-loop,GCAUGCUUGGGAAUGGCGGAAGAGCAGACUUGUAUAAAAAUGUCCUCUUGCGCGAUCCCCACGUUUGC
dev-mir-D2,MI0023581,Duck enteritisvirus,miR-D2 stem-loop,UCAGAACUACGUCGUUUAUUGCCGUGAUGGCCAUAAGGCGAUCCGUGGUUUCGG
dev-mir-D3,MI0023582,Duck enteritisvirus,miR-D3 stem-loop,UAUAUAAGUCACAGGGCGGCAGCUACUGGUCAUUGUUGCGUUUGGUGGUUUGUGUG
dev-mir-D4,MI0023583,Duck enteritisvirus,miR-D4 stem-loop,GCUAAAACAGCACGCCUAAUCACAAUCGGUAUUGUCGUGGGUAUAUUAAUUGUCGGAUUGGUAUGCUUUUUUGUC
dev-mir-D5,MI0023584,Duck enteritisvirus,miR-D5 stem-loop,CGACAUGUCAUCUGCGACGUCCUGCUCGUUGUUAUCAUUCGCGUAGGCGGCGCAGGUGAAUAGGUCG
dev-mir-D6,MI0023585,Duck enteritisvirus,miR-D6 stem-loop,CGCCUUUGACACACCACCAUUCUGGCCGUCUCGUCUUUCGGUCAGAGUGUCGGUGAGUCGACGGCG
dev-mir-D7,MI0023586,Duck enteritisvirus,miR-D7 stem-loop,GCACCUUCGUAGCGGCGUAUAAUGGUUUUCGCUCGCGAGCUGGGGUGCUGACCAAAGUCAUAAACGCCGCCGGAACUGU
dev-mir-D8,MI0023587,Duck enteritisvirus,miR-D8 stem-loop,GAAGCUGCCUCCCGAUUAAACUAUACGCUCGUAUUUAAAACACGUACAGUUUCGUUGGGCGGUUUCUUC
dev-mir-D9,MI0023588,Duck enteritisvirus,miR-D9 stem-loop,CUCCGUUUGAACGUUCUGUACUGCCCGGCCGGUCUAAUGCGGAUUGCAGUCCAGAAUGUUCAAACGGAG
dev-mir-D10,MI0023589,Duck enteritisvirus,miR-D10 stem-loop,GCAGGAGGACGGGCAAGAAACUCUUUUGCCUGAGAAUCUGGCUUUGAGUUCUAGCCCGUCUAUCGUGC
dev-mir-D11,MI0023590,Duck enteritisvirus,miR-D11 stem-loop,GAUAUAGUCUUAGACCUGUUUUGCAAUUCGACCGCAAUGAGUCGCAAAAGGGCAGCCUGGGCUCUAUU
dev-mir-D12,MI0023591,Duck enteritisvirus,miR-D12 stem-loop,GCUUUACCUGGGACAGAACCGCGGCCGCGUAGAGAAAACUAGCUCCGCGGUGAGGUCCCAGAAAGC
dev-mir-D13,MI0023592,Duck enteritisvirus,miR-D13 stem-loop,GAUAAAUGUCCCGUGGGGUAGAACGCAUGUCAUUCGACCGGCAGGCCAUUUUUCUCGCAGAGCAUUCAUC
dev-mir-D14,MI0023593,Duck enteritisvirus,miR-D14 stem-loop,UUUUGAAGCAUCGUAUGACUAUAUUUAAGCCUUCCGAACACUUGGACUUUGCGUUAUGUCUGGUUAUUAUGUUUUUGGA
dev-mir-D15,MI0023594,Duck enteritisvirus,miR-D15 stem-loop,CUGAUGGUAUCUUGCAUAUGCGAUCGCAUGUAUAAUGGGCGCGAGCGUGGGCAAGGUACCAGCAG
dev-mir-D16,MI0023595,Duck enteritisvirus,miR-D16 stem-loop,CCGGGUUUUGUCCGUUGAUGUUUACACAGUGGGCGGAUAACGCUAAACACCAACGGAUGAACGUCGG
dev-mir-D17,MI0023596,Duck enteritisvirus,miR-D17 stem-loop,GGUGCAACGAAGGCGAACGGUUGACGAUCAGGUCGUUCCGACCGCUCGCCUUCGAGGCCACC
dev-mir-D18,MI0023597,Duck enteritisvirus,miR-D18 stem-loop,UUGGGAUCGGUGAGGGGGGAUUGUGGUUUUAUUCAAACUCACCAUCCCCUCCGCUGGCCCCAA
dev-mir-D19,MI0023598,Duck enteritisvirus,miR-D19 stem-loop,GAUGAAAGAGCGGUGCCUUUGGGAUCGGUGAGGGGGGAUUGUGGUUUUAUU
dev-mir-D20,MI0023599,Duck enteritisvirus,miR-D20 stem-loop,UGAAUGUCGGCCAGCCUCUCCGCUUGGUACAAACGAAAUAUAAAGCGGUAGUUGCCCGACAGCCA
dev-mir-D21,MI0023600,Duck enteritisvirus,miR-D21 stem-loop,UGGAUGGUUUGGAGACAGCUGCGGUGGUCUAUACAUCUAAUAACCAUCCAUGCAAUCUCCAAACAACCUA
dev-mir-D22,MI0023601,Duck enteritisvirus,miR-D22 stem-loop,UCCAGUUACCCGCCCAUGCGUGACUGCCGUAUGAACAAAGGCGGUCACACAAGGCGGCUAGCAGGA
dev-mir-D23,MI0023602,Duck enteritisvirus,miR-D23 stem-loop,GGUCCGUGGACUGCGGUGUGUUCUGCGGCUCUAUCUGCGAGUCGCCGCGAACCGUCACAGUCUGCAGACC
dev-mir-D24,MI0023603,Duck enteritisvirus,miR-D24 stem-loop,GGACCGUUCGCACUCUGGUUUCCAAUAAUAUAUUAUAAUAUAUUAUUGGCUUCAGAGUGCGAACGCC
hcmv-mir-UL59,MI0024164,Human cytomegalovirus,miR-UL59 stem-loop,CGACGGUUCUCUCGCUCGUCAUGCCGUUCUGAGCUCCGACAUGGCGGACGAGAGAAAAUGGCGUCG
hcmv-mir-UL69,MI0024165,Human cytomegalovirus,miR-UL69 stem-loop,AGGCCAGAGGCUAAGCCGAAACCGUCCGGGGAAGCGGGCGCGAGUUUUCCGACUUAGCCUUUGGUGC
hsv1-mir-H27,MI0024977,Herpes Simplexvirus,1 miR-H27 stem-loop,AGAAGAGGGAAGAAGAGGGGUCGGGAUCCAAAGGACGGACCCAGACCACCUUUGGUUGCAGACCCCUUUCUCCCCCCUCUUCC
hbv-mir-B2,MI0026319,Herpes Bvirus,miR-B2 stem-loop,CGCCCGUCUCUCCGCGCCCAGGGGCCGCGGCUCGACCGCACGGCCGGGAACGAGAGACGGCGGGCG
hbv-mir-B3RC,MI0026320,Herpes Bvirus,miR-B3RC stem-loop,CCAUCCACCCAAUAAACCACGAACAGCCGUUCAUAUUUUGGUCUCGGCUCUGCGUUUAUUGUUGGAAUCUGC
hbv-mir-B7,MI0026321,Herpes Bvirus,miR-B7 stem-loop,CCCCUUCUGGGCCUCGGGUUCGCUUCCGCCCACGGCCGGCCGGGAAGCGGUGUCCGACGCCCGGAGGG
hbv-mir-B8,MI0026322,Herpes Bvirus,miR-B8 stem-loop,CCCGGCUGUGGAGGCCUAGGGGAGCCCGGCGUGCCCGCCCCCGAUCUUCACUAGGCCUGCCCGGCCGGG
hbv-mir-B19,MI0026323,Herpes Bvirus,miR-B19 stem-loop,UUGGUGGGCGCACUCGAUCCCGGCUGUCCUCCCCUCGCGCGGCGGAUCGGGUCCGCGCUACCGG
hbv-mir-B21RC,MI0026324,Herpes Bvirus,miR-B21RC stem-loop,GGGAGCGCCGGGGUGCGAACCUGGGGCGGAAGGACGCAGAGCCUCGGGGUUGCAGCCCGCGUGCUCG
hbv-mir-B26,MI0026325,Herpes Bvirus,miR-B26 stem-loop,CGUGAGUUCGGGCAGCAGGCGCGUGCGCACGCAGGCGCGCCGGCGGCCCGGGCUCGCG
hbv-mir-B14RC,MI0026326,Herpes Bvirus,miR-B14RC stem-loop,CCUCCGCCGCUCUCUCACGGACUCCCCUACUGUGGUGAUGGAAGAGGAGGGGUCUGGGAGAGAAGGGCGGGGG
hbv-mir-B22,MI0026327,Herpes Bvirus,miR-B22 stem-loop,CCCCCGCCCUUCUCUCCCAGACCCCUCCUCUUCCAUCACCACAGUAGGGGAGUCCGUGAGAGAGCGGCGGAGGG
bhv5-mir-B12,MI0029326,Bovine herpesvirus,5 miR-B12 stem-loop,UGCCGGCGCCCAGGCCGGCGGGGCUCCCGUCGCCGGCGGCGGCACGCGCUCCGGGACGCCGCCGCGCCGCGCCUGCAC
bhv5-mir-B13,MI0029327,Bovine herpesvirus,5 miR-B13 stem-loop,CGCCGCGCGACGGGCCGCCGCCGCUGGAGGGCCCGCUGCUGACGCCCUCCGGCGAGGCCUGGCCCGGCAGCGCGCCGCCGC
bhv5-mir-B14,MI0029328,Bovine herpesvirus,5 miR-B14 stem-loop,CCGCGGCGGCGGCAACAGCGCCCCCCCGAGCAGCCCCCGCUAUCGCGCGCGCCGGGGGGUAGCUGGGGCCGCGGCAGCGGCG
bhv5-mir-B8,MI0029329,Bovine herpesvirus,5 miR-B8 stem-loop,CGCGCCCCCUCGCGGCGAAAAAAUCUAAUGGCGGAUAAUCGAGAGCUAUUGUAUUUUUGCGCCAGCGGGGGGGCCGG
bhv5-mir-B11,MI0029330,Bovine herpesvirus,5 miR-B11 stem-loop,AGCCCCGCCCACCCAGCCCCCACCCCCGCCUCGGGCCCGGGGUGGGCAGGCGGGGGUGGGGGCUGGGUGGGCGGGGC
bfv-miR-BF1,MI0030366,Bovine foamyvirus,miR-BF1 stem-loop,UUCGGAGGAUGGCUCAUCAAGCUAAGUAAGGAGCUCCCUGAAGCCAUAUCCGAGGC
bfv-miR-BF2,MI0030367,Bovine foamyvirus,miR-BF2 stem-loop,UCAGUAGAAAGACAGUACCUCGCCUGUAUAGGUUCGAGGUCAGGCGGUAUGCUUUCUACUUUUU
ttv-mir-T1,MI0032971,Torque tenovirus,miR-T1 stem-loop,CCGCCAUCUUAAGUAGUUGAGGCGGACGGUGGCGUGAGUUCAAAGGUCACCAUCAGCCACACCUACUCAAAAUGGUGG
sfv-mir-S1,MI0032972,Simian foamyvirus,miR-S1 stem-loop,AGGGAGUAUUUGGUGGAAACGACUGAGUGACAUGAAGUUUAUUCACCAUACUCUCAAU
sfv-mir-S2,MI0032973,Simian foamyvirus,miR-S2 stem-loop,UAGGAGCCACUAGUUGAGCCUGUGUGUUCAAAUCCAUGCUCAGCUAAAGUGACUCCCUUU
sfv-mir-S3,MI0032974,Simian foamyvirus,miR-S3 stem-loop,AAGGGAGUAUGUGGACCUUCUUGUUAGGAAUUAGUUUAAGAUAGUCCACAGCUCCCUUCU
sfv-mir-S4,MI0032975,Simian foamyvirus,miR-S4 stem-loop,CAAGAGCCCGGUAAGCAUUCAAGUAGUUCGAAUCCCUUUAAUGCUGACGGAUUGCUCUUU
sfv-mir-S5,MI0032976,Simian foamyvirus,miR-S5 stem-loop,AAAAAAGGGAAUGGCUAAACUUGUUACAGCUCGAGCAAACAUUUAGCAAUUUCCUUUGCUUU
sfv-mir-S6,MI0032977,Simian foamyvirus,miR-S6 stem-loop,AGAUGUUUGGCUCACUGCGUUGGACGACUGGAAAGAAGCUUCAACAGUCGGGACAGCAUCUCG
sfv-mir-S7,MI0032978,Simian foamyvirus,miR-S7 stem-loop,AAGAAGGCCUCCGGAAUGAAAGAGUAAAAAUUGAAGUCUCCUCAUUCAGAGAGCCUUCUUUU
prv-mir-LLT12,MI0033053,Pseudorabiesvirus,miR-LLT12 stem-loop,GUGUGUGUGCGACGGAACGGGCCGCAGAGGAUCGGGAUGUAUGCACGGUCGUCCCCGUCUCAAACUUCCUCGUGUCCCCUGUUCCCCAUCCUUCCACCCAUGC
ptvpv2a-mir-P1,MI0033675,Pan troglodytes verus polyomavirus,2a miR-P1 stem-loop,UCACUUCUGGAAGAACCUCUAGGUACACUGGUUCCGUGUUGUGUGCUGGAUUCUCUUCCUGAAUUGG
gggpv1-mir-P1,MI0033676,Gorilla gorilla gorilla polyomavirus,1 miR-P1 stem-loop,UCACUUCUGGAAGAACCUCUAGGUACACUGGUUCUUGGCUGUGUGCCUGGUUCUCUUCUUGGACUGG
racpv-mir-P1,MI0033677,Raccoon polyomavirus,miR-P1 stem-loop,GGGUCUGUGGGAAGGCAUAGAGGUACUUGACUUUGAGGUAUGUACCCUGUCCCUCCCGCUGGACCC
